-- phpMyAdmin SQL Dump
-- version 3.5.3
-- http://www.phpmyadmin.net
--
-- Servidor: localhost
-- Tempo de Geração: 
-- Versão do Servidor: 5.5.28
-- Versão do PHP: 5.3.18

SET SQL_MODE="NO_AUTO_VALUE_ON_ZERO";
SET time_zone = "+00:00";


/*!40101 SET @OLD_CHARACTER_SET_CLIENT=@@CHARACTER_SET_CLIENT */;
/*!40101 SET @OLD_CHARACTER_SET_RESULTS=@@CHARACTER_SET_RESULTS */;
/*!40101 SET @OLD_COLLATION_CONNECTION=@@COLLATION_CONNECTION */;
/*!40101 SET NAMES utf8 */;

--
-- Banco de Dados: `avaweb`
--

-- --------------------------------------------------------

--
-- Estrutura da tabela `exerciciosconcluidos`
--

CREATE TABLE IF NOT EXISTS `exerciciosconcluidos` (
  `id` int(11) NOT NULL AUTO_INCREMENT,
  `idCapitulo` int(11) DEFAULT NULL,
  `idUsuario` int(11) DEFAULT NULL,
  `nota` float DEFAULT NULL,
  `data` datetime DEFAULT NULL,
  PRIMARY KEY (`id`),
  KEY `fk_exerc_capitulo_idx` (`idCapitulo`),
  KEY `fk_exerc_usuarios_idx` (`idUsuario`)
) ENGINE=InnoDB  DEFAULT CHARSET=utf8 AUTO_INCREMENT=22 ;

-- --------------------------------------------------------

--
-- Estrutura da tabela `itens`
--

CREATE TABLE IF NOT EXISTS `itens` (
  `id` int(11) NOT NULL AUTO_INCREMENT,
  `idQuestoes` int(11) DEFAULT NULL,
  `item` mediumtext,
  `valor` tinyint(1) DEFAULT NULL,
  PRIMARY KEY (`id`),
  KEY `fk_itens_questoes_idx` (`idQuestoes`)
) ENGINE=InnoDB  DEFAULT CHARSET=utf8 AUTO_INCREMENT=383 ;

--
-- Extraindo dados da tabela `itens`
--

INSERT INTO `itens` (`id`, `idQuestoes`, `item`, `valor`) VALUES
(1, 1, 'Briefing', 1),
(2, 1, 'Brainstorm', 0),
(3, 1, 'Power Point', 0),
(4, 1, 'Rascunho', 0),
(5, 2, 'Cartas', 0),
(6, 2, 'Fax', 0),
(7, 2, 'Flip Chart', 0),
(8, 2, 'Telefone, e-mail ou por meio de agentes', 1),
(9, 3, 'Google', 0),
(10, 3, 'Diagrama', 0),
(11, 3, 'Dicionário de sinônimos', 1),
(12, 3, 'Quadrinhos', 0),
(13, 4, 'Painéis de inspiração, folhas de ideias, conexões, metáforas', 1),
(14, 4, 'SWOT, PMBOK, PMO, estratégias defensivas', 0),
(15, 4, 'PMO, estratégias defensivas, conexões, SWOT', 0),
(16, 4, 'Estratégias defensivas, SWOT, PMBOK, conexões', 0),
(17, 5, 'A não compreensão do público alvo', 1),
(18, 5, 'O aumento das vendas', 0),
(19, 5, 'A total compreensão do público alvo', 0),
(20, 5, 'Nenhuma das alternativas', 0),
(21, 6, 'Disquetes antigos', 0),
(22, 6, 'Coleções (imagens, objetos organizados em pastas, gavetas e/ou caixas)', 1),
(23, 6, 'A ida incansável a bibliotecas', 0),
(24, 6, 'Nenhuma das alternativas', 0),
(25, 7, 'É a ação de reunir toda a pesquisa, anotações e rabiscos para criar uma série de ideias e caminhos ', 1),
(26, 7, 'É a ação de pesquisar e separar imagens e colocá-las em caixas de papelão', 0),
(27, 7, 'Reunião com a empresa contratante', 0),
(28, 7, 'Nome dado a determinado público', 0),
(29, 8, 'Simples', 0),
(30, 8, 'Emocional', 0),
(31, 8, 'Diagramática', 0),
(32, 8, 'Todas as alternativas estão corretas', 1),
(33, 9, 'Briefing', 0),
(34, 9, 'Brainstorm', 0),
(35, 9, 'Linha visual ou rafe', 1),
(36, 9, 'Aquarela', 0),
(37, 10, 'A rapidez em fazer alterações', 1),
(38, 10, 'Aos novos papeis utilizados pelos ilustradores', 0),
(39, 10, 'A lentidão dos computadores', 0),
(40, 10, 'A falta de criatividade dos artistas', 0),
(41, 11, 'A nomeação é a chave para controlar', 1),
(42, 11, 'A nomeação nos tira do controle', 0),
(43, 11, 'A nomeação é a chave para identificarmos árvores ', 0),
(44, 11, 'Nenhuma das alternativas', 0),
(45, 12, 'Repetição, Contraste, Power Point e Word', 0),
(46, 12, 'Contraste, Repetição, Alinhamento e Proximidade', 1),
(47, 12, 'Repetição, Alinhamento, Contraste e Power Point', 0),
(48, 12, 'Repetição, Power Point e Contraste', 0),
(49, 13, 'Evitar elementos meramente similares em uma página.', 1),
(50, 13, 'Repetir os elementos visuais do design no material.', 0),
(51, 13, 'Criar uma aparência bagunçada na página.', 0),
(52, 13, 'Agrupar itens.', 0),
(53, 14, 'Devemos repetir em todo o material algum elemento visual do design, como cor, forma, textura, fontes etc.', 1),
(54, 14, 'Criar uma aparência bagunçada na página.', 0),
(55, 14, 'Adicionar elementos aleatórios para apenas preencher espaços vazios.', 0),
(56, 14, 'Desorganizar e enfraquecer a página. ', 0),
(57, 15, 'Repetição', 0),
(58, 15, 'Contraste', 0),
(59, 15, 'Proximidade', 0),
(60, 15, 'Alinhamento', 1),
(61, 16, 'Repetição', 0),
(62, 16, 'Contraste', 0),
(63, 16, 'Proximidade', 1),
(64, 16, 'Alinhamento', 0),
(65, 17, 'Ajuda a organizar as informações, reduz a desordem e oferece ao leitor uma estrutura clara.', 1),
(66, 17, 'Confusão no material', 0),
(67, 17, 'Aumenta a desordem das informações', 0),
(68, 17, 'Nenhuma das alternativas', 0),
(69, 18, 'Contraste', 1),
(70, 18, 'Repetição', 0),
(71, 18, 'Alinhamento', 0),
(72, 18, 'Proximidade', 0),
(73, 19, 'Contraste', 0),
(74, 19, 'Repetição', 0),
(75, 19, 'Alinhamento', 1),
(76, 19, 'Proximidade', 0),
(77, 20, 'Contraste', 0),
(78, 20, 'Repetição', 0),
(79, 20, 'Alinhamento', 0),
(80, 20, 'Proximidade', 1),
(81, 21, 'Que indica movimento.', 0),
(82, 21, 'Que indica uma ordem de leitura.', 0),
(83, 21, 'Que indica desorganização.', 1),
(84, 21, 'Que indica uma aproximação.', 0),
(85, 22, 'Que há uma organização na página e nas informações.', 0),
(86, 22, 'Que há uma desordem de informações.', 0),
(87, 22, 'Que há uma repetição entre as informações.', 0),
(88, 22, 'Que itens relacionados entre si estão próximos.', 0),
(89, 22, 'Apenas as alternativas a e d estão corretas.', 1),
(90, 23, 'Evitar elementos meramente similares em uma página.', 0),
(91, 23, 'Alinhar os elementos em uma determinada direção.', 0),
(92, 23, 'Criar uma aparência desorganizada e bagunçada.', 0),
(93, 23, 'Organizar as informações, reduzir ou eliminar a desordem e oferecer uma estrutura de leitura mais clara.', 1),
(94, 24, 'Tamanho, peso, posicionamento de texto ou de figuras.', 1),
(95, 24, 'O peso e altura das demais informações devem ser iguais a do título.', 0),
(96, 24, 'Esquecer o princípio de contraste.', 0),
(97, 24, 'Desorganizar e enfraquecer a página. ', 0),
(98, 25, 'Sempre', 0),
(99, 25, 'Logicamente', 1),
(100, 25, 'Nunca', 0),
(101, 25, 'Nenhuma das alternativas', 0),
(102, 26, 'Organizar', 1),
(103, 26, 'Desorganizar', 0),
(104, 26, 'Repetir', 0),
(105, 26, 'Desorganizar', 0),
(106, 27, 'Verdes', 0),
(107, 27, 'Amarelos', 0),
(108, 27, 'Brancos', 1),
(109, 27, 'Limpos', 0),
(110, 28, 'Mais de 3 - 5', 0),
(111, 28, 'Menos de 3 ', 0),
(112, 28, 'Mais de 5', 0),
(113, 28, 'As alternativas A e B estão corretas', 1),
(114, 29, 'Organização', 1),
(115, 29, 'Desordem', 0),
(116, 29, 'Bagunça', 0),
(117, 29, 'Nenhuma das alternativas', 0),
(118, 30, 'Evitar muitos elementos', 0),
(119, 30, 'Não colocar os elementos somente nos cantos e no meio da página. ', 0),
(120, 30, 'Não relacionar elementos que não devam estar agrupados! Se eles não estiverem relacionados, separe-os.', 0),
(121, 30, 'Todas as alternativas estão corretas.', 1),
(122, 31, 'Cada item deve ter uma conexão visual com algo na página. ', 1),
(123, 31, 'Qualquer elemento pode ser colocado arbitrariamente numa página.', 0),
(124, 31, 'Os elementos podem simplesmente ir ocupando espaços vazios na página. ', 0),
(125, 31, 'Nenhuma das alternativas é verdadeira. ', 0),
(126, 32, 'A esquerda.', 0),
(127, 32, 'A direita.', 0),
(128, 32, 'Canto inferior esquerdo.', 0),
(129, 32, 'Centralizado.', 1),
(130, 32, 'Canto superior direito.', 0),
(131, 33, 'Utilizar apenas um alinhamento de texto por página. ', 1),
(132, 33, 'Utilizar sempre os textos centralizados.', 0),
(133, 33, 'Utilizar mais de um alinhamento numa página.', 0),
(134, 33, 'Utilizar sem medo o justificado.', 0),
(135, 34, 'Passa a sensação de tensão e medo.', 0),
(136, 34, 'Cria a sensação de calma e segurança.', 1),
(137, 34, 'Bagunça e desorganização.', 0),
(138, 34, 'A ordem não nos agrada. ', 0),
(139, 35, 'Um eme “M”', 1),
(140, 35, 'Oito espaços', 0),
(141, 35, 'Um “H”', 0),
(142, 35, 'Nenhuma das alternativas', 0),
(143, 36, 'Cores', 0),
(144, 36, 'Pregnancia', 0),
(145, 36, 'Unidade', 1),
(146, 36, 'Formas', 0),
(147, 37, 'Unificar e organizar', 1),
(148, 37, 'Desorganizar', 0),
(149, 37, 'Centralizar', 0),
(150, 37, 'Nenhuma das alternativas', 0),
(151, 38, 'Fraca em qualquer material ', 0),
(152, 38, 'Arcaica', 0),
(153, 38, 'Sofisticada formal, engraçada ou séria dependendo do assunto', 1),
(154, 38, 'Nenhuma das alternativas', 0),
(155, 39, 'Separados', 1),
(156, 39, 'Agrupados', 0),
(157, 39, 'Sobrepostos', 0),
(158, 39, 'Nenhuma das alternativas', 0),
(159, 40, 'Alinhamento centralizado', 1),
(160, 40, 'Alinhamento a esquerda', 0),
(161, 40, 'Alinhamento à direita', 0),
(162, 40, 'Todas as alternativas estão corretas.', 0),
(163, 41, 'Não se deve repetir fontes. ', 0),
(164, 41, 'Obrigatoriamente o material a se repetir deve ser a cor.', 0),
(165, 41, 'Algum aspecto do design deve repetir-se no material inteiro. ', 1),
(166, 41, 'Nenhuma das alternativas é verdadeira. ', 0),
(167, 41, 'Ao fazer uso do princípio da repetição, estou padronizando o material gráfico', 0),
(168, 42, 'Consistência.', 1),
(169, 42, 'Inconsistência.', 0),
(170, 42, 'Padronização.', 0),
(171, 42, 'Pregnância. ', 0),
(172, 42, 'Unificador.', 0),
(173, 43, '“Um esforço consciente para unificar todos os elementos do design. ”', 0),
(174, 43, '“Justamente a repetição de alguns elementos. ”', 0),
(175, 43, '“Um elemento-chave visual que unifica o material. ”', 0),
(176, 43, 'Apenas as alternativas a e c estão corretas', 1),
(177, 43, 'Apenas a alternativa b está correta.', 0),
(178, 44, 'Unificar e acrescentar interesse visual.', 1),
(179, 44, 'Cria a sensação de calma e segurança.', 0),
(180, 44, 'Criar um elemento forte.', 0),
(181, 44, 'Tornar a leitura desagradável. ', 0),
(182, 45, 'Evitar repetir o elemento em demasia, não tornar o material enfadonho e estar consciente do contraste. ”', 1),
(183, 45, 'Cuidado ao repetir tipografias, evitar repetir formas aleatórias.', 0),
(184, 45, 'Evitar o uso de cores contrastantes em formas aproximadas.', 0),
(185, 45, 'Nenhuma das alternativas', 0),
(186, 46, 'Proximidade', 0),
(187, 46, 'Contraste', 0),
(188, 46, 'Alinhamento', 0),
(189, 46, 'Repetição', 1),
(190, 47, 'Ajuda a organizar as informações.', 0),
(191, 47, 'Ajuda a guiar o leitor pelas páginas.', 0),
(192, 47, 'Centraliza as informações.', 0),
(193, 47, 'Nenhuma das alternativas.', 0),
(194, 47, 'Alternativas a e b.', 1),
(195, 48, 'Um visual mais profissional e dá personalidade as peças.', 1),
(196, 48, 'Mais desorganizado e menos profissional.', 0),
(197, 48, 'Sofisticado, comum e básico.', 0),
(198, 48, 'Nenhuma das alternativas', 0),
(199, 49, 'Em nenhum caso. A repetição é desnecessária.', 0),
(200, 49, 'Em materiais onde o contraste não foi empregado.', 0),
(201, 49, 'Em peças de uma só página.', 1),
(202, 49, 'Do material for muito extenso.', 0),
(203, 50, 'Está errada, pois os princípios do design se completam.', 1),
(204, 50, 'Está correta, pois somente a repetição basta para criar um bom design.', 0),
(205, 50, 'Está em partes correta. Pois a repetição pode ser empregada junta a outros princípios, exceto com o contraste.', 0),
(206, 50, 'Está errada, porque o princípio que não pode ser empregado junto aos outros é o princípio do alinhamento. ', 0),
(207, 51, 'O contraste tem que ser fraco.', 0),
(208, 51, 'O contraste deve ser empregado apenas nas fontes. ', 0),
(209, 51, 'Não se deve fazer contrastes com variações de fontes. ', 0),
(210, 51, 'O contraste deve ser forte.', 1),
(211, 52, 'Deve diferenciar um pouco um do outro.', 0),
(212, 52, 'Criar um padrão para ambos.', 0),
(213, 52, 'Diferencia-los completamente.', 1),
(214, 52, 'Criar algo que os torne semelhantes.', 0),
(215, 52, 'Distancia-los.', 0),
(216, 53, '“Podemos alcançar o contraste de várias maneiras. Uma letra grande pode ser contrastada com uma pequena. ”', 0),
(217, 53, '“Realmente faz que o leitor queira olhar para o material. ”', 0),
(218, 53, '“O leitor deve ser capaz de, à primeira passada de olhos sobre um material, compreender imediatamente o que ele representa. ”', 1),
(219, 53, '“Não se pode contrastar um fio de meio ponto com um de 1 ponto. Não se pode contrastar o marrom-escuro com o preto. ”', 0),
(220, 54, 'Evitar contrastar uma linha pouco espessa com uma linha mais espessa.', 0),
(221, 54, 'Evitar contrastar textos na cor marrom e títulos em preto.', 0),
(222, 54, 'Evitar usar duas ou mais fontes similares.', 0),
(223, 54, 'Nenhuma opção.', 0),
(224, 54, 'Apenas os itens a, b e c, estão corretos.', 1),
(225, 55, 'Pregnância', 0),
(226, 55, 'Repetição', 0),
(227, 55, 'Contraste', 1),
(228, 55, 'Alinhamento', 0),
(229, 55, 'Proximidade', 0),
(230, 56, 'Trabalhar com as fontes.', 1),
(231, 56, 'Inserir diferentes formas.', 0),
(232, 56, 'Aplicar cores e texturas.', 0),
(233, 56, 'Mesclar fotos e ilustrações.', 0),
(234, 57, 'Um fio mais fino, com espessura de meio ponto.', 0),
(235, 57, 'Um fio duplo com duas espessuras.', 0),
(236, 57, 'Um fio mais forte de 2 ou 4 pontos.', 1),
(237, 57, 'Dois fios de dupla espessura.', 0),
(238, 57, 'Um fio de espessura igual ao fio já utilizado.', 0),
(239, 58, 'Duplo.', 1),
(240, 58, 'Único.', 0),
(241, 58, 'Triplo.', 0),
(242, 58, 'Não há propósito algum.', 0),
(243, 59, 'Apenas mais um princípio básico do design.', 0),
(244, 59, 'O contraste é uma cor que dá mais atratividade ao material.', 0),
(245, 59, 'Uma tática usada por designers para dispersar a atenção do público.', 0),
(246, 59, 'Uma das maneiras mais eficazes de acrescentar algum atrativo visual ao material.', 1),
(247, 59, 'Nenhuma das opções', 0),
(248, 60, 'Criar interesse sobre uma página e auxiliar na organização das informações.', 1),
(249, 60, 'Criar uma cor personalizada no material e organizar melhor as informações.', 0),
(250, 60, 'Dar ênfase em alguma informação e deixar o material mais bonito.', 0),
(251, 60, 'Confundir o leitor e criar um foco em uma informação não necessária.', 0),
(252, 61, 'Usamos somente uma família de fontes, sem muitas variações.', 1),
(253, 61, 'Ao combinarmos fontes similares. ', 0),
(254, 61, 'Quando usamos elemento nitidamente diferentes entre si. ', 0),
(255, 61, 'Ao fazermos usos de formas similares.', 0),
(256, 61, 'Ao distribuir as fontes de modo que o espaçamento seja proporcional entre si.', 0),
(257, 62, 'São formas regulares básicas como a elipse, o retângulo e o triângulo. ', 0),
(258, 62, 'É o material básico de qualquer página impressa.', 1),
(259, 62, 'São elementos dispostos de forma aleatória no material.', 0),
(260, 62, 'Linhas de várias espessuras e tamanhos.', 0),
(261, 62, 'Nenhuma das alternativas.', 0),
(262, 63, 'O leitor não consegue de imediato interpretar as informações.', 0),
(263, 63, 'O designer se perde ao combinar mais de uma fonte.', 0),
(264, 63, 'Onde você consegue reconhecer e dar nome aos contrastes.', 0),
(265, 63, 'Combinamos fontes similares em estilo, tamanho, peso e etc.', 1),
(266, 64, 'Combinando fontes separadas e elementos nitidamente diferentes entre si.', 1),
(267, 64, 'Distribuindo de forma irregular as informações.', 0),
(268, 64, 'Utilizando duas famílias de fontes similar.', 0),
(269, 64, 'Aplicando cores fortes sobre cores um pouco mais forte.', 0),
(270, 64, 'Todas as alternativas.', 0),
(271, 65, 'Calmaria e formalidade.', 1),
(272, 65, 'Bastante uso da Repetição e alinhamento.', 0),
(273, 65, 'Bastante contrastante e aspecto de formalidade.', 0),
(274, 65, 'Uso excessivo de alinhamentos a esquerda e variações de tamanhos e pesos.', 0),
(275, 66, 'De meio ponto.', 0),
(276, 66, 'De dupla espessura.', 0),
(277, 66, 'Mais fino.', 0),
(278, 66, 'Mais forte.', 1),
(279, 66, 'De um ponto e meio.', 0),
(280, 67, 'Como um conceito pouco útil.', 0),
(281, 67, 'Algo instável e que pode ser modulado.', 0),
(282, 67, 'Como um conceito sólido e útil.', 1),
(283, 67, 'Algo que deve ser evitado.', 0),
(284, 67, 'A autora não define concordância.', 0),
(285, 68, 'Bastante explorado, pois causa uma boa impressão na leitura.', 0),
(286, 68, 'Evitado, pois causa uma má impressão.', 1),
(287, 68, 'Utilizado com cautela.', 0),
(288, 68, 'Proporcionado através de cores quentes e frias.', 0),
(289, 69, 'Seis, e são elas: tamanho, peso, estrutura, forma, direção e cor.', 1),
(290, 69, 'Cinco, e são elas: tamanho, peso, contorno, posição e forma.', 0),
(291, 69, 'Seis, e são elas: cor, peso, estrutura, alinhamento, forma e contorno.', 0),
(292, 69, 'Três, e são eles: tamanho, peso e estrutura.', 0),
(293, 69, 'Duas maneiras, e são elas: tamanho e peso.', 0),
(294, 70, 'Relacionado ao alinhamento das informações', 1),
(295, 70, 'Criar uma cor personalizada no material.', 0),
(296, 70, 'À organização e à clareza das informações colocadas nos materiais.', 0),
(297, 70, 'À profundidade ocasionada pelas cores do material.', 0),
(298, 71, 'Estilo antigo, moderno, serifa grossa, sem serifa, manuscrita, decorativo, pixel.', 1),
(299, 71, 'Estilo moderno, estilo antigo, serifa fina, sem serifa, manuscrita e decorativo.', 0),
(300, 71, 'Estilo antigo, moderno, sem serifa, manuscrita, decorativo e russa.', 0),
(301, 71, 'Largura fixa, moderno, sem serifa, manuscrita, decorativo', 0),
(302, 71, 'Ao distribuir a fontes de modo que o espaçamento seja proporcional entre si.', 0),
(303, 72, 'Tipologia baseada no estilo velho oeste. ', 0),
(304, 72, 'É o material básico de qualquer página impressa.', 0),
(305, 72, 'Tipografia que se baseia na escrita manual dos escribas.', 1),
(306, 72, 'São tipologias formadas por curvas.', 0),
(307, 73, 'Contrastante', 0),
(308, 73, 'Cintilante', 0),
(309, 73, 'Elegante.', 0),
(310, 73, 'Ofuscante.', 1),
(311, 74, 'Moderno.', 0),
(312, 74, 'Estilo Antigo.', 1),
(313, 74, 'Manuscrito.', 0),
(314, 74, 'Serifa Grossa', 0),
(315, 74, 'Decorativo', 0),
(316, 75, 'Jornais e revista.', 0),
(317, 75, 'Provas e documentos.', 0),
(318, 75, 'Livros infantis.', 1),
(319, 75, 'Panfletos e banners ', 0),
(320, 75, 'Nenhuma das opções.\r\n', 0),
(321, 76, 'A maioria delas possuem peso iguais.', 1),
(322, 76, 'Todas possuem transição grosso-fino.', 0),
(323, 76, 'Possuem uma variação no traçado das letras.', 0),
(324, 76, 'Parecem desorganizadas.', 0),
(325, 76, 'Nenhuma das opções.', 0),
(326, 77, 'Parecem ter sido escritos à mão, com uma caneta tinteiro, com um pincel ou, às vezes, com um lápis ou caneta profissional.', 1),
(327, 77, 'São engraçadas e sem serifas.', 0),
(328, 77, 'Fontes com serifa grossa, mas que conseguimos ver suavemente a transição grosso-fino.', 0),
(329, 77, 'Nenhuma das opções.', 0),
(330, 78, 'É a linha imaginária que limita a altura do tipo', 0),
(331, 78, 'É a linha invisível sobre qual o tipo fica.', 1),
(332, 78, 'É a linha que corta na diagonal as transições grosso-fino.', 0),
(333, 78, 'Nenhuma das opções.', 0),
(334, 79, 'Parte das letras que são mais altas do que a altura do x.', 0),
(335, 79, 'É a transição entre grosso-fino.', 0),
(336, 79, 'São as partes das letras que ficam abaixo da linha base.', 1),
(337, 79, 'Nenhuma das opções.', 0),
(338, 80, 'Parte das letras que são mais altas do que a altura do x.', 1),
(339, 80, 'É a transição entre grosso-fino.', 0),
(340, 80, 'São as partes das letras que ficam abaixo da linha base.', 0),
(341, 80, 'Nenhuma das opções.', 0),
(342, 81, 'Peso, estrutura, direção, tamanho, altura e largura.', 0),
(343, 81, 'Tamanho, peso, estrutura, forma, direção e cor.', 1),
(344, 81, 'Tamanho, medida, ligaduras, ascendente e descentes.', 0),
(345, 81, 'Bold, regular, tamanho, peso e direção', 0),
(346, 82, 'Peso.', 0),
(347, 82, 'Forma.', 0),
(348, 82, 'Tamanho.', 1),
(349, 82, 'Estrutura.', 0),
(350, 83, 'Maneira pela qual a fonte é construída.', 1),
(351, 83, 'Ao tamanho da fonte.', 0),
(352, 83, 'A composição da forma.', 0),
(353, 83, 'A direção da forma.', 0),
(354, 84, 'Sempre combine duas fontes de mesma categoria na mesma página.', 0),
(355, 84, 'Use pesos bem parecidos.', 0),
(356, 84, 'Nunca coloque duas fontes de mesma categoria na mesma página.', 1),
(357, 84, 'Repita a cor em todo o material.', 0),
(358, 85, 'Manuscrito versus itálico.', 0),
(359, 85, 'Serifa grossa versus estilo antigo.', 0),
(360, 85, 'Caixa alta versus negrito.', 0),
(361, 85, 'Romam versus itálico.', 1),
(362, 85, 'Nenhuma das opções.', 0),
(363, 86, 'Que as letras têm a mesma altura, tanto em caixa-alta como em caixa-baixa', 0),
(364, 86, 'Que possuam uma largura mais espessa. ', 0),
(365, 86, 'Que a fonte está reta em suas partes superior e inferior.', 1),
(366, 86, 'Nenhuma das opções.', 0),
(367, 87, 'De enfatizá-la.', 1),
(368, 87, 'Apenas por estética.', 0),
(369, 87, 'Para diferenciá-la das demais.', 0),
(370, 87, 'Nenhuma das opções.', 0),
(371, 88, 'Espessura dos traços da fonte.', 1),
(372, 88, 'Ao tamanho entre cada letra.', 0),
(373, 88, 'Altura de uma letra e outra.', 0),
(374, 88, 'A mancha de tinta quando impressa.', 0),
(375, 89, 'Contraste de peso.', 1),
(376, 89, 'Contraste de forma.', 0),
(377, 89, 'Contraste de estrutura.', 0),
(378, 89, 'Nenhuma das opções.', 0),
(379, 90, 'Ao formato do tipo.', 1),
(380, 90, 'Ao traço.', 0),
(381, 90, 'Espessura.', 0),
(382, 90, 'Aos cantos da letra.', 0);

-- --------------------------------------------------------

--
-- Estrutura da tabela `questoes`
--

CREATE TABLE IF NOT EXISTS `questoes` (
  `id` int(11) NOT NULL AUTO_INCREMENT,
  `idCapitulo` int(11) DEFAULT NULL,
  `questao` mediumtext,
  PRIMARY KEY (`id`),
  KEY `fk_questoes_capitulos_idx` (`idCapitulo`)
) ENGINE=InnoDB  DEFAULT CHARSET=utf8 AUTO_INCREMENT=91 ;

--
-- Extraindo dados da tabela `questoes`
--

INSERT INTO `questoes` (`id`, `idCapitulo`, `questao`) VALUES
(1, 1, 'É o momento em que as informações básicas sobre o projeto devem ser reunidas. É onde conhecemos e entendemos o projeto, é onde podemos obter todas as informações relevantes necessárias. Qual o nome desse processo?'),
(2, 1, '“...Sempre que possível, é recomendável encontrar-se pessoalmente com o cliente para receber o briefing do projeto, embora nem sempre isso seja realista. ” Hoje em dia quais as maneiras que se tem para receber um briefing de um projeto?\n'),
(3, 1, '“Palavras e jogos de palavras podem oferecer pontos de partida e até soluções para ilustradores que querem criar uma linha visual fundamentada na linguagem...O simples ato de passar algum tempo investigando as palavras e seus significados pode levar a resultados interessantes e desafiadores. ” Qual metodologia o autor está se referindo?'),
(4, 1, 'Assinale a alternativa onde podemos encontrar metodologias para projetos gráficos.'),
(5, 1, 'Qual o maior empecilho ao utilizar metáfora nos projetos?'),
(6, 1, 'Segundo pesquisas qual é o método mais utilizado para busca de inspiração?'),
(7, 1, 'Brainstorming é uma palavra que tem significados distintos para diferentes pessoas. Mas de maneira simplificada ele é?'),
(8, 1, 'Qual das opções se encaixa na classificação de uma imagem?'),
(9, 1, 'Como é conhecido o processo que demonstra de maneira bem abrangente os elementos que aparecerão no trabalho, mesmo que nada tenha sido finalizado ou detalhado ainda?'),
(10, 1, 'Com a utilização da tecnologia nos processos gráficos e de ilustração, está se criando uma nova cultura pelos clientes, qual o motivo dessa concepção?'),
(11, 2, 'Segundo a autora qual a importância que podemos ter ao nomear as coisas?'),
(12, 2, 'Quais os quatro princípios básicos de design?\r\n'),
(13, 2, 'Qual o objetivo do CONTRASTE?'),
(14, 2, 'Para atingirmos o princípio da REPETIÇÃO o que devemos fazer?'),
(15, 2, '“Nada deve ser colocado arbitrariamente em uma página”. Essa afirmação é referente a qual conceito de design?'),
(16, 2, '“Itens relacionados entre si deveriam ser agrupados”. Essa afirmação é referente a qual conceito de design?'),
(17, 2, 'Aplicando o princípio da Proximidade em um material o que podemos ganhar com ele?'),
(18, 2, '“Se os elementos (tipo, cor, tamanho, espessura da linha, forma, espaço etc.) não forem os mesmos, diferencie-os completamente. ” Essa afirmação refere-se a qual princípio? '),
(19, 2, '“...com cada elemento conectado se cria uma aparência limpa, sofisticada e suave. ” Tal afirmação refere-se a qual princípio de design?'),
(20, 2, 'Quando vários itens estão próximos, tornam-se uma unidade visual integrada, e não várias unidades individualizadas. Essa afirmação é referente ao qual princípio?'),
(21, 3, 'Quando as partes que compõem uma página são espalhadas, essa página assume uma aparência:'),
(22, 3, 'Um dos princípios básicos do design é a proximidade. Quando usada podemos notar que?'),
(23, 3, 'Qual o objetivo da PROXIMIDADE?'),
(24, 3, '“Ao agrupar itens relacionados, torna-se necessário fazer algumas alterações...” Quais alterações abaixo são citadas no livro?'),
(25, 3, 'O conceito da proximidade não significa que tudo precise estar próximo; significa que os elementos devem estar _______________ conectados. Qual item abaixo preenche de forma correta a lacuna?'),
(26, 3, 'Qual o proposito básico da Proximidade?'),
(27, 3, 'Com tudo organizado se cria espaços vazios, porem atrativos, segundo a autora qual é o nome dado para esses espaços?'),
(28, 3, '“Pisque os olhos e conte o número de elementos visuais da página pelo número de paradas dos seus olhos. ” Segundo a autora com qual quantidade se dever ter cuidado para que o material não fique bagunçado?'),
(29, 3, 'Com o simples agrupamento dos elementos em proximidade, automaticamente criamos?'),
(30, 3, 'Segundo a autora o que podemos evitar para que nosso material comece a ser mais correto?'),
(31, 4, 'Segundo o princípio do alinhamento, qual a alternativa correta.'),
(32, 4, 'Qual o alinhamento mais utilizado pelos iniciantes, ao diagramar uma página? '),
(33, 4, 'Ao trabalhar com textos devemos nos atentar ao alinhamento, segundo a autora qual regra devemos sempre ter em mente?'),
(34, 4, '“Nossos olhos gostam de ver tudo em ordem”. Tal afirmação se justifica, por quê?'),
(35, 4, '...Em uma máquina de escrever a endentação comum é de cinco espaços. No caso das letras proporcionais utilizadas no computador, a endentação tipográfica padrão é?'),
(36, 4, 'Para que todos os elementos da página tenham uma estética unificada, conectada e inter-relacionada, é preciso que haja “amarras” visuais entre os elementos separados. Este é um conceito importante no design, qual o nome dele?'),
(37, 4, 'O proposito básico do alinhamento é?'),
(38, 4, 'Normalmente ao se combinar um alinhamento marcante e uma fonte apropriada, criamos uma estética?'),
(39, 4, 'Para atingir o alinhamento numa pagina devemos fazer o uso consciente do posicionamento dos elementos, mesmo que os elementos estejam_________.'),
(40, 4, 'Segundo a autora o que devemos evitar em nossos materiais?'),
(41, 5, 'O princípio da repetição afirma que:'),
(42, 5, 'Como a repetição pode ser considerada? '),
(43, 5, 'Qual das afirmativas abaixo está CORRETA?'),
(44, 5, 'Qual o proposito básico da repetição?'),
(45, 5, 'Quais os cuidados que se deve ter em relação ao princípio da repetição?'),
(46, 5, 'Ao criar títulos com mesmo tamanho e mesmo peso, faço uso de qual princípio básico do design?'),
(47, 5, 'Sobre a repetição é correto afirmar que?'),
(48, 5, 'O uso da repetição cria o quê tipo de visual?'),
(49, 5, 'O princípio da repetição é muito útil no caso...'),
(50, 5, '“O princípio da repetição NÃO deve ser empregado junto a nenhum outro princípio do design. ”\r\nSobre esta afirmativa é correto afirmar que.\r\n'),
(51, 6, 'Qual regra deve ser lembrada ao aplicar o princípio de contraste?'),
(52, 6, 'Segundo o princípio de contraste, o que deve ser feito quando há dois elementos diferentes? '),
(53, 6, '“O contraste é um ponto crítico na organização das informações; ...”\r\nA melhor alternativa que completa essa afirmação é?\r\n'),
(54, 6, 'Em qual das alternativas estão os itens que se deve evitar, ao fazer uso do princípio de contraste? '),
(55, 6, 'Ao utilizarmos de uma letra grande em uma informação e uma menor em outra, estamos fazendo uso de qual princípio básico do design?'),
(56, 6, 'A maneira mais fácil de acrescentar contraste a um material é?'),
(57, 6, 'Se utilizo um fio fino em um material, qual outro estilo de fio seria indicado para dar um maior contraste?'),
(58, 6, 'O propósito do contraste é?'),
(59, 6, 'Segundo a autora o contraste é?'),
(60, 6, 'Quais os dois objetivos do contraste?'),
(61, 7, 'Ocorre uma relação concordante quando faço uso de?'),
(62, 7, 'O que a autora define por tipo?'),
(63, 7, 'Uma relação conflitante é aquela onde?'),
(64, 7, 'Como faço para criar uma relação contrastante? '),
(65, 7, 'Quais as características dos designs concordantes?'),
(66, 7, 'Uma fonte pesada combina com que tipo de contorno?'),
(67, 7, 'Como a autora define concordância?'),
(68, 7, 'O conflito é algo que deve ser?'),
(69, 7, 'Quantas maneiras temos para contrastar a tipologia, e quais são elas?'),
(70, 7, 'A que o design está relacionado?'),
(71, 8, 'Os principais grupos de tipos são:'),
(72, 8, 'O que é o estilo antigo?'),
(73, 8, 'Quando usamos o estilo de tipo moderno em uma extensa área de texto, obtemos um efeito, classificado como?'),
(74, 8, 'Ao criarmos uma extensa área de texto corrido, aconselha-se fazer uso de qual etilo tipográfico? '),
(75, 8, 'Tipos com serifa grossa costumam ser utilizados em que tipo de material?'),
(76, 8, 'Uma característica presente nas sans serif é?'),
(77, 8, 'Manuscrito é o termo usado para classificar fontes que...'),
(78, 8, 'O que linha base?'),
(79, 8, 'O que são descendentes?'),
(80, 8, 'O que são ascendentes?'),
(81, 9, 'Os contrastes abordados no livro são?'),
(82, 9, 'O contraste que trabalha as variações de tamanho é o?'),
(83, 9, 'O contraste de estrutura refere-se a quê?'),
(84, 9, 'Uma das regras importantes para contrastar tipo é?'),
(85, 9, 'Um dos contrastes citados no livro é o do?'),
(86, 9, 'O que significa o Estilo Romam?'),
(87, 9, 'Usamos o itálico em uma palavra com qual objetivo?'),
(88, 9, 'Contraste de peso refere-se à?'),
(89, 9, 'Uma das melhores maneiras de aumentar a estética visual e organizar as informações de uma página, é fazer uso de qual contraste?'),
(90, 9, 'Forma refere-se à quê?');

-- --------------------------------------------------------

--
-- Estrutura da tabela `resumo`
--

CREATE TABLE IF NOT EXISTS `resumo` (
  `id` int(11) NOT NULL AUTO_INCREMENT,
  `idUsuario` int(11) NOT NULL,
  `capitulo` int(11) NOT NULL,
  `resumo` longtext NOT NULL,
  `resumoVisualizado` tinyint(1) NOT NULL DEFAULT '0',
  `aprovacao` tinyint(2) NOT NULL DEFAULT '0',
  `assunto` longtext NOT NULL,
  `dataAtual` date NOT NULL,
  `notificacao` longtext,
  `dataNotificacao` date DEFAULT NULL,
  `excluidoNotificacao` tinyint(1) NOT NULL DEFAULT '0',
  `excluidoResumo` tinyint(1) NOT NULL DEFAULT '0',
  `notificacaoVisualizada` tinyint(1) NOT NULL DEFAULT '0',
  PRIMARY KEY (`id`),
  KEY `idUsuario` (`idUsuario`)
) ENGINE=InnoDB  DEFAULT CHARSET=utf8 AUTO_INCREMENT=2 ;

--
-- Extraindo dados da tabela `resumo`
--

INSERT INTO `resumo` (`id`, `idUsuario`, `capitulo`, `resumo`, `resumoVisualizado`, `aprovacao`, `assunto`, `dataAtual`, `notificacao`, `dataNotificacao`, `excluidoNotificacao`, `excluidoResumo`, `notificacaoVisualizada`) VALUES
(1, 7, 1, '<p>Resumo Teste</p>\r\n<p>Por outro lado, a consulta aos diversos militantes promove a alavancagem das formas de a&ccedil;&atilde;o.</p>\r\n<p>Ainda assim, existem d&uacute;vidas a respeito de como a expans&atilde;o dos mercados mundiais cumpre um papel essencial na formula&ccedil;&atilde;o do or&ccedil;amento setorial.</p>', 0, 1, '', '2016-01-19', '', '2016-01-19', 0, 0, 0);

-- --------------------------------------------------------

--
-- Estrutura da tabela `usuarios`
--

CREATE TABLE IF NOT EXISTS `usuarios` (
  `id` int(11) NOT NULL AUTO_INCREMENT,
  `nome` varchar(100) DEFAULT NULL,
  `apelido` varchar(45) DEFAULT NULL,
  `login` varchar(50) DEFAULT NULL,
  `senha` varchar(100) DEFAULT NULL,
  `cpf` varchar(20) DEFAULT NULL,
  `rg` varchar(20) DEFAULT NULL,
  `sexo` tinyint(1) DEFAULT NULL,
  `nomeMae` varchar(70) DEFAULT NULL,
  `nomePai` varchar(70) DEFAULT NULL,
  `estadoCivil` varchar(25) DEFAULT NULL,
  `foto` varchar(100) DEFAULT 'default.jpg',
  `dataNascimento` datetime DEFAULT NULL,
  `email` varchar(50) DEFAULT NULL,
  `telefone` varchar(20) DEFAULT NULL,
  `status` tinyint(1) DEFAULT '1',
  `cep` varchar(10) DEFAULT NULL,
  `endereco` varchar(50) DEFAULT NULL,
  `bairro` varchar(50) DEFAULT NULL,
  `capituloAtual` int(11) DEFAULT '0',
  `professor` tinyint(1) DEFAULT '0',
  `primeiroLogin` tinyint(1) DEFAULT '0',
  PRIMARY KEY (`id`),
  UNIQUE KEY `login_UNIQUE` (`login`)
) ENGINE=InnoDB  DEFAULT CHARSET=utf8 AUTO_INCREMENT=8 ;

--
-- Extraindo dados da tabela `usuarios`
--

INSERT INTO `usuarios` (`id`, `nome`, `apelido`, `login`, `senha`, `cpf`, `rg`, `sexo`, `nomeMae`, `nomePai`, `estadoCivil`, `foto`, `dataNascimento`, `email`, `telefone`, `status`, `cep`, `endereco`, `bairro`, `capituloAtual`, `professor`, `primeiroLogin`) VALUES
(5, 'Administrador do Sistema', 'Administrador do Sistema', '111.111.111-11', '*23AE809DDACAF96AF0FD78ED04B6A265E05AA257', NULL, NULL, NULL, NULL, NULL, NULL, 'ea330a123af56d8da6b3de67ea412d4e.jpg', NULL, 'avaweb@iteva.org.br', NULL, 1, NULL, NULL, NULL, 0, 1, 1),
(7, 'Maria Giselly Rebouças Azevedo', 'Giselly Rebouças', '222.222.222-22', '*23AE809DDACAF96AF0FD78ED04B6A265E05AA257', NULL, NULL, NULL, NULL, NULL, NULL, '9f24edb15c408c557d4dca91d7905f17.jpg', NULL, 'gisellyazevedo@hotmail.com', NULL, 1, NULL, NULL, NULL, 1, 0, 1);

--
-- Restrições para as tabelas dumpadas
--

--
-- Restrições para a tabela `exerciciosconcluidos`
--
ALTER TABLE `exerciciosconcluidos`
  ADD CONSTRAINT `exerciciosconcluidos_ibfk_1` FOREIGN KEY (`idUsuario`) REFERENCES `usuarios` (`id`) ON DELETE NO ACTION;

--
-- Restrições para a tabela `itens`
--
ALTER TABLE `itens`
  ADD CONSTRAINT `fk_itens_questoes` FOREIGN KEY (`idQuestoes`) REFERENCES `questoes` (`id`) ON DELETE CASCADE ON UPDATE CASCADE;

--
-- Restrições para a tabela `resumo`
--
ALTER TABLE `resumo`
  ADD CONSTRAINT `resumo_ibfk_1` FOREIGN KEY (`idUsuario`) REFERENCES `usuarios` (`id`) ON DELETE CASCADE ON UPDATE CASCADE;

/*!40101 SET CHARACTER_SET_CLIENT=@OLD_CHARACTER_SET_CLIENT */;
/*!40101 SET CHARACTER_SET_RESULTS=@OLD_CHARACTER_SET_RESULTS */;
/*!40101 SET COLLATION_CONNECTION=@OLD_COLLATION_CONNECTION */;
